<?xml version="1.0" encoding="UTF-8"?>
<configurationDescriptor version="100">
  <logicalFolder name="root" displayName="root" projectFiles="true" kind="ROOT">
    <df root="." name="0">
      <df name="src">
        <in>archivo.cpp</in>
        <in>directorio.cpp</in>
        <in>fila.cpp</in>
        <in>linea.cpp</in>
        <in>utils.cpp</in>
      </df>
      <in>principal.cpp</in>
    </df>
    <logicalFolder name="ExternalFiles"
                   displayName="Important Files"
                   projectFiles="false"
                   kind="IMPORTANT_FILES_FOLDER">
      <itemPath>Makefile</itemPath>
      <itemPath>nbproject/private/launcher.properties</itemPath>
    </logicalFolder>
  </logicalFolder>
  <sourceFolderFilter>^(nbproject)$</sourceFolderFilter>
  <sourceRootList>
    <Elem>.</Elem>
  </sourceRootList>
  <projectmakefile>Makefile</projectmakefile>
  <confs>
    <conf name="Default" type="0">
      <toolsSet>
        <compilerSet>default</compilerSet>
        <dependencyChecking>false</dependencyChecking>
        <rebuildPropChanged>false</rebuildPropChanged>
      </toolsSet>
      <flagsDictionary>
        <element flagsID="0" commonFlags="-std=c++14"/>
      </flagsDictionary>
      <codeAssistance>
      </codeAssistance>
      <makefileType>
        <makeTool>
          <buildCommandWorkingDir>.</buildCommandWorkingDir>
          <buildCommand>${MAKE} -f Makefile</buildCommand>
          <cleanCommand>${MAKE} -f Makefile clean</cleanCommand>
          <executablePath>nbproject\private\tools\localhost\Cygwin\gcc.exe</executablePath>
          <ccTool>
            <incDir>
              <pElem>include</pElem>
            </incDir>
            <preprocessorList>
              <Elem>NDEBUG</Elem>
            </preprocessorList>
          </ccTool>
        </makeTool>
        <preBuild>
          <preBuildCommandWorkingDir>.</preBuildCommandWorkingDir>
          <preBuildCommand></preBuildCommand>
        </preBuild>
      </makefileType>
      <folder path="0/src">
        <ccTool>
          <incDir>
            <pElem></pElem>
          </incDir>
        </ccTool>
      </folder>
      <item path="principal.cpp" ex="false" tool="1" flavor2="11">
      </item>
      <item path="src/archivo.cpp" ex="false" tool="1" flavor2="0">
      </item>
      <item path="src/directorio.cpp" ex="false" tool="1" flavor2="0">
      </item>
      <item path="src/fila.cpp" ex="false" tool="1" flavor2="0">
      </item>
      <item path="src/linea.cpp" ex="false" tool="1" flavor2="0">
      </item>
      <item path="src/utils.cpp" ex="false" tool="1" flavor2="11">
        <ccTool flags="0">
        </ccTool>
      </item>
    </conf>
  </confs>
</configurationDescriptor>
